age;level of activity;achievement;competition;fear of failure;power;immersion;commercial outlook;personal growth;affiliation;personal principles;interest;flexibility;autonomy;material reward;status;recognition;ease and security;progression;well-being
56;1;5;2;1;3;2;1;4;1;5;1;10;8;1;1;3;3;3;4.03
65;1;6;1;7;3;4;4;3;2;9;2;6;4;2;2;7;2;2;3.28
58;2;3;3;1;3;3;1;5;2;7;2;4;3;5;3;4;5;1;4.13
63;1;6;2;3;4;1;4;1;1;7;1;10;7;1;4;7;4;7;2.94
32;5;3;8;3;1;1;3;3;5;2;8;1;3;3;2;5;1;4;2.33
41;2;5;8;2;3;1;4;2;1;3;3;6;2;1;1;2;2;8;3.08
52;6;3;4;8;2;2;1;3;4;4;5;5;8;9;4;4;2;3;4.22
31;8;7;5;8;1;1;1;7;5;2;3;6;4;2;1;5;4;1;4.92
59;7;1;6;4;3;1;2;5;1;10;4;10;8;6;2;1;1;6;4.35
64;1;7;2;4;3;3;1;1;2;5;1;7;5;1;1;1;1;5;1.77
40;9;6;2;10;3;1;1;5;6;5;5;5;2;1;2;5;5;8;3.50
20;10;10;9;10;7;1;1;1;7;1;6;2;5;4;2;6;1;7;5.00
32;7;8;6;6;2;7;6;6;7;8;4;5;1;2;1;1;6;7;5.90
38;5;3;3;3;2;6;2;6;5;3;1;9;7;5;3;5;6;8;5.61
28;5;5;1;7;6;7;1;6;1;8;1;5;6;1;1;10;2;6;4.47
32;10;9;5;9;6;2;7;1;6;3;1;1;1;1;2;2;2;7;3.08
54;8;5;3;8;2;1;1;5;1;10;1;7;6;8;3;2;2;7;5.42
34;7;3;2;7;6;2;2;4;5;4;4;1;3;3;2;5;2;10;2.78
55;3;8;6;5;5;2;3;4;2;10;4;10;5;8;4;1;1;2;3.19
60;5;6;4;2;3;4;2;5;1;9;3;6;9;5;2;1;3;7;5.28
33;6;10;2;5;4;1;3;1;5;5;2;3;5;2;5;7;7;8;4.33
49;6;3;2;5;2;1;1;2;2;4;3;3;8;3;1;5;3;1;4.06
46;8;6;4;2;5;5;1;1;5;5;3;8;4;9;1;1;5;3;5.36
25;7;10;2;10;8;3;3;2;5;8;1;5;1;6;1;8;7;2;4.56
61;6;1;1;2;1;2;2;4;4;9;2;4;9;10;2;2;1;7;4.84
50;7;8;5;7;2;3;4;4;1;7;2;3;4;5;4;3;1;2;5.00
63;1;7;1;7;4;5;1;2;2;10;3;4;7;6;4;1;3;1;2.87
40;9;2;2;10;3;1;2;1;1;9;2;6;1;1;5;1;5;6;4.72
61;3;1;4;1;1;2;1;1;3;9;1;10;6;9;1;2;1;1;4.16
64;1;2;4;7;4;3;1;5;1;10;5;10;7;2;4;6;4;7;5.50
28;5;3;5;9;2;4;1;1;3;3;1;1;6;4;4;10;4;3;2.91
28;8;4;4;6;7;7;1;3;1;6;7;8;2;8;6;1;7;6;6.21
24;3;6;9;8;1;1;1;1;7;3;2;5;1;5;1;7;4;10;3.06
37;7;4;2;4;1;6;5;1;6;9;1;6;3;3;3;2;1;8;5.13
22;7;5;10;10;5;1;2;8;7;4;6;2;1;5;4;9;1;10;6.29
25;7;6;3;10;6;1;4;3;3;9;6;8;5;7;5;7;1;9;5.14
20;6;5;5;7;1;5;5;1;4;2;1;1;5;6;6;3;1;3;3.72
46;3;5;1;7;4;3;4;4;1;8;3;6;2;8;3;1;4;4;2.86
63;1;2;3;1;5;2;2;5;1;10;1;8;8;4;2;1;1;5;3.53
46;8;3;3;7;2;4;3;1;3;10;1;4;5;6;3;2;1;4;3.96
50;1;4;4;5;4;4;2;1;5;4;1;10;8;3;4;5;1;6;4.00
25;8;4;4;10;5;1;1;4;5;7;1;7;5;9;3;10;4;10;5.06
63;3;7;1;2;2;2;1;2;2;10;3;10;6;9;1;5;4;6;5.22
53;4;2;2;1;4;5;1;4;4;8;3;4;3;5;2;1;1;1;2.94
55;1;4;1;5;4;3;3;4;2;5;3;7;8;7;3;5;2;5;2.56
21;10;7;4;10;5;3;1;1;5;3;2;4;2;5;8;8;6;6;4.97
57;2;1;5;3;2;1;4;2;1;10;1;10;9;10;4;6;2;1;5.16
25;5;6;2;6;2;8;7;4;5;4;8;6;2;4;4;10;7;3;3.67
59;1;2;2;7;5;4;1;2;3;10;4;7;4;3;1;1;4;1;2.45
46;5;3;1;2;2;1;4;1;1;7;3;10;3;9;1;3;1;1;3.31
20;10;10;9;10;1;4;5;1;7;2;1;6;1;10;1;10;8;3;6.50
55;6;1;4;6;4;1;3;4;3;10;1;10;5;8;2;1;4;1;3.78
37;9;2;4;5;5;4;2;3;6;5;2;5;7;4;2;3;2;5;4.30
54;2;4;7;9;3;3;4;1;1;10;1;9;4;10;5;6;2;3;3.64
46;2;1;7;5;4;4;4;1;1;9;1;6;4;3;3;1;2;1;4.37
45;6;4;3;2;5;2;1;1;1;9;4;7;4;3;1;3;6;2;3.17
47;4;8;1;6;2;4;5;1;1;7;1;7;4;3;2;1;1;3;2.49
22;10;5;1;9;3;3;8;1;3;8;4;6;3;6;3;10;1;7;4.99
24;4;7;3;4;4;4;2;5;3;1;6;1;1;5;5;6;6;4;2.66
37;7;6;7;3;5;5;1;4;4;7;2;8;7;1;1;8;6;3;5.89
43;4;6;6;8;6;3;4;6;2;5;5;2;6;8;1;3;1;5;4.38
43;8;7;5;7;1;2;3;5;4;10;3;2;5;10;6;5;1;2;4.64
55;7;5;2;6;1;2;5;5;1;9;2;5;9;3;4;1;2;2;3.53
43;4;4;7;7;4;3;4;3;2;8;6;8;6;7;3;1;5;2;3.55
65;5;1;1;5;1;3;5;2;3;7;6;6;9;5;6;7;6;5;5.19
35;8;9;1;3;5;6;6;3;6;5;2;4;7;10;3;9;2;7;3.86
44;7;6;1;3;4;5;3;2;1;6;3;8;7;1;2;4;1;1;4.61
23;3;4;9;4;2;1;7;4;3;7;1;6;3;8;4;9;7;9;3.92
40;4;6;6;10;3;1;1;2;1;3;1;9;7;3;1;6;6;4;4.11
20;10;7;7;6;3;7;1;8;6;4;6;4;2;8;8;8;4;2;4.61
54;6;1;5;4;2;5;4;4;2;4;2;4;8;3;1;1;1;7;4.49
30;3;8;9;10;3;1;6;1;7;9;3;5;2;1;1;9;2;5;4.72
34;3;3;6;5;6;1;4;2;4;2;5;6;6;6;3;3;1;8;2.98
33;7;6;1;3;3;2;2;2;1;9;7;2;6;2;4;1;1;6;3.63
57;1;6;1;7;1;4;2;4;2;10;1;8;9;7;1;1;2;1;2.79
20;10;5;1;9;1;1;1;4;2;7;1;6;1;4;1;10;8;10;4.56
29;8;8;1;5;2;5;2;5;7;5;4;2;1;6;5;7;7;3;3.67
46;2;1;5;8;1;5;4;1;5;10;3;4;4;5;5;1;3;4;3.14
32;3;3;4;10;1;1;1;5;5;8;6;8;3;4;1;3;6;2;4.04
20;10;5;3;8;3;7;3;7;7;4;2;2;1;6;4;10;2;5;5.94
61;1;1;6;4;5;3;1;2;1;10;5;8;6;7;5;3;3;6;5.28
32;5;9;4;4;6;1;7;2;4;6;6;5;2;9;4;1;7;8;5.93
21;10;10;5;10;4;3;1;1;7;3;8;4;1;5;6;3;4;8;4.13
36;2;2;3;4;1;2;1;1;1;8;1;7;4;3;2;4;2;1;3.83
49;8;1;3;5;5;1;3;1;2;7;5;8;3;8;1;4;1;1;2.76
60;2;3;5;6;5;2;1;1;2;10;3;6;7;10;4;4;2;4;3.28
20;4;9;8;10;7;5;1;6;5;2;1;2;5;6;4;3;8;3;5.94
34;9;5;7;4;4;3;1;2;5;6;6;2;1;7;2;7;7;10;3.64
58;3;4;1;8;3;3;1;1;1;10;2;10;4;9;3;4;5;7;4.44
41;4;8;1;5;1;5;3;1;6;7;1;2;5;3;1;9;2;4;2.78
63;7;6;1;1;3;3;1;2;2;5;3;8;3;4;4;6;2;5;4.62
54;5;2;5;1;4;1;4;4;3;4;4;4;7;9;1;5;4;2;3.70
23;8;6;4;6;1;5;1;3;2;1;4;2;4;2;4;8;1;10;3.93
57;7;4;4;8;4;4;4;4;1;10;4;7;6;1;5;2;5;1;3.55
57;5;4;3;1;1;4;5;1;1;9;4;8;9;7;5;4;5;2;4.33
34;7;3;5;10;4;4;7;2;5;9;5;3;2;8;1;3;2;8;4.69
59;7;1;1;1;3;4;4;1;1;9;1;8;8;4;3;1;4;4;4.62
32;10;7;8;3;3;1;7;3;4;2;6;3;1;6;1;3;5;3;4.10
29;9;7;6;6;1;1;5;2;2;9;6;1;5;5;1;4;4;7;3.56
41;8;9;8;8;3;2;1;4;3;8;5;3;7;2;2;8;3;1;5.71
56;1;4;1;6;1;4;1;2;4;10;1;7;7;8;1;4;2;4;3.87
20;10;8;4;4;2;1;3;5;3;1;7;5;2;1;7;2;1;9;5.17
41;8;4;4;10;5;5;5;5;2;6;1;2;6;7;1;7;1;4;4.58
57;6;1;4;7;5;1;1;1;2;9;1;10;4;3;4;2;3;1;3.63
36;6;9;1;6;2;1;1;6;6;10;2;7;7;2;6;1;1;8;5.60
62;1;2;2;7;3;5;3;3;4;10;2;8;9;7;3;1;3;6;4.37
25;7;6;9;9;4;8;1;4;4;9;6;8;1;3;3;2;1;9;4.81
57;7;7;3;1;2;2;3;2;1;6;4;10;9;4;5;4;1;1;4.95
65;5;1;3;4;3;4;3;1;1;10;6;6;5;3;6;5;2;7;2.75
38;1;2;8;4;5;3;2;2;5;3;1;9;5;9;5;1;2;6;3.14
32;6;5;6;7;1;5;1;7;6;5;1;4;5;10;3;4;4;3;4.52
31;9;9;5;7;2;3;7;4;6;4;6;2;1;10;1;5;6;3;5.93
64;1;1;4;1;3;4;3;2;1;8;2;5;8;9;1;2;2;1;3.38
53;1;3;7;3;3;1;1;4;1;4;1;7;2;6;4;8;4;7;4.76
40;4;9;5;9;6;6;3;1;6;7;4;2;6;10;5;2;1;3;5.94
43;7;3;6;9;1;3;1;4;1;9;3;8;5;3;3;1;4;7;4.30
35;10;8;8;4;2;5;2;3;2;8;1;7;5;6;6;7;6;7;3.92
25;5;4;8;10;2;2;2;1;3;4;8;2;6;2;3;2;3;3;4.44
32;6;9;2;3;1;6;2;1;4;2;7;6;6;4;2;2;3;5;2.87
49;1;6;2;8;1;5;1;3;2;10;4;7;3;1;2;4;2;1;4.55
43;5;6;2;9;1;2;5;3;3;6;1;8;6;8;1;8;2;7;5.51
35;10;10;3;10;6;1;5;6;5;7;3;2;3;2;3;2;2;9;5.50
24;5;6;6;10;6;7;1;8;6;8;5;4;2;9;1;10;1;10;6.68
41;8;9;4;9;1;1;1;3;3;6;4;9;7;3;1;3;5;7;4.65
25;7;10;1;9;4;2;4;2;7;7;2;8;5;10;1;5;2;8;4.81
64;1;7;1;7;1;2;3;1;3;10;2;5;8;7;3;1;3;5;4.98
46;2;4;2;2;4;1;1;5;3;6;2;7;8;7;1;8;4;5;4.11
31;6;6;2;9;1;1;6;5;6;8;4;3;5;5;6;5;7;2;5.79
45;2;5;2;10;4;1;4;2;4;4;3;9;7;4;6;8;3;9;5.36
42;5;4;1;6;5;3;6;6;6;10;3;9;7;1;1;7;1;3;3.59
59;7;6;3;1;5;1;2;2;1;8;1;10;7;4;2;3;3;3;4.84
42;8;4;6;10;1;5;1;6;6;3;6;9;3;2;1;9;6;1;3.77
60;7;7;2;1;2;1;5;2;3;10;1;5;5;7;1;6;4;2;4.94
35;3;5;1;10;3;3;3;5;6;3;3;2;2;10;3;8;1;8;2.94
34;4;9;3;10;2;2;4;4;1;7;1;3;1;5;1;1;6;6;2.82
51;5;5;1;5;1;4;3;4;1;8;2;10;4;7;1;3;1;8;5.06
26;3;8;2;7;6;3;3;5;4;5;2;7;1;10;6;2;7;10;6.30
41;3;5;1;4;3;3;2;2;6;9;6;9;6;5;1;1;3;4;5.05
64;4;2;4;2;4;4;4;2;4;10;3;5;3;1;3;4;4;4;3.59
59;1;1;5;3;1;4;2;2;3;10;4;5;6;10;4;5;1;1;2.80
36;6;3;3;3;6;3;1;3;5;7;4;3;7;10;1;5;1;5;3.33
24;9;9;9;6;4;1;2;7;6;2;1;1;5;10;1;8;3;5;4.79
42;3;2;3;9;4;4;5;3;5;10;3;9;5;10;5;8;1;3;4.99
55;6;3;6;1;4;4;4;5;1;9;2;7;5;2;4;7;2;7;4.94
37;1;2;6;10;3;1;6;5;1;9;2;9;6;1;3;3;1;7;4.29
50;8;1;2;1;4;5;3;2;5;10;1;7;6;6;3;4;1;1;2.89
48;2;2;6;1;2;3;4;2;3;8;1;7;3;5;1;1;1;5;2.24
32;2;5;8;5;5;2;7;3;1;6;7;1;6;3;4;1;2;4;3.91
63;6;3;2;5;1;1;1;1;3;8;5;8;8;3;4;1;2;6;2.79
60;1;2;3;1;4;2;4;5;1;6;1;10;6;9;4;2;5;3;3.83
63;6;6;2;1;4;1;2;1;1;6;1;9;3;3;2;4;4;3;2.26
56;3;3;3;1;2;3;5;5;1;6;3;9;7;10;5;2;5;1;5.00
36;2;8;5;7;1;4;2;4;5;5;1;8;1;4;3;8;3;7;3.56
47;6;8;3;6;1;3;1;3;3;10;1;6;4;1;5;5;3;5;3.18
38;6;4;7;9;2;1;1;4;5;8;1;7;2;7;2;9;4;6;4.80
50;1;3;6;5;1;3;1;2;5;7;1;5;8;9;1;1;2;2;2.50
60;5;5;1;1;2;4;3;2;4;7;4;4;3;3;3;3;4;4;4.44
53;1;6;5;9;1;4;5;3;2;6;5;4;4;8;1;8;5;8;3.66
61;1;7;2;4;5;1;4;1;3;5;5;10;8;6;4;1;1;1;2.86
57;2;3;2;5;3;4;2;4;2;6;3;5;9;2;5;2;3;2;2.52
39;9;2;2;3;2;1;3;6;4;10;1;4;4;1;1;6;6;6;5.00
27;8;5;3;6;4;3;4;3;7;3;2;6;1;3;3;3;1;7;3.13
62;2;1;1;2;3;1;4;2;2;6;3;8;7;8;4;6;1;1;4.44
53;7;7;2;1;3;3;3;1;1;6;2;4;5;3;5;5;3;7;2.73
51;8;8;1;4;1;1;4;4;4;7;1;4;3;8;1;1;3;2;2.59
41;4;8;4;3;4;2;3;5;2;5;3;9;6;3;3;5;1;1;2.92
46;7;5;1;8;1;1;4;2;2;8;4;8;7;1;3;1;2;1;2.84
33;4;8;1;8;1;2;2;6;6;3;4;5;2;1;3;4;6;7;4.92
65;3;1;4;1;5;4;1;1;1;10;3;5;4;3;4;2;3;5;2.97
20;7;6;1;6;1;8;8;3;4;8;1;1;1;5;3;10;8;6;3.83
31;3;6;3;7;1;2;3;7;6;8;3;8;6;4;7;7;6;9;4.29
45;7;6;1;3;1;3;1;3;4;8;2;10;4;3;5;1;3;8;2.67
43;7;6;4;7;5;3;2;4;1;4;3;8;5;3;3;5;4;7;3.42
58;1;1;5;1;2;2;2;2;2;10;3;6;5;1;3;1;2;1;3.81
56;1;3;1;6;2;3;2;4;1;8;2;4;6;2;5;1;5;3;2.23
39;5;4;2;9;3;3;1;1;1;6;6;6;6;2;3;1;4;2;4.65
54;3;6;4;7;4;3;1;3;5;5;1;4;3;3;1;3;5;4;2.59
21;9;8;5;8;5;3;5;5;7;4;7;4;3;5;1;5;1;6;6.00
28;5;4;8;10;3;5;7;1;7;7;4;5;2;1;6;6;1;5;5.93
38;8;7;7;5;4;3;3;1;1;3;1;7;4;5;2;5;2;6;3.17
47;4;4;3;4;5;3;4;2;2;5;5;9;6;8;5;1;1;5;3.34
52;7;3;2;3;2;2;1;4;3;8;4;7;6;5;4;5;3;3;3.94
47;3;1;1;4;1;1;1;1;3;7;1;6;2;3;4;8;1;1;2.81
33;10;7;3;3;6;7;6;2;4;6;1;5;4;4;1;8;4;4;4.59
45;1;4;8;4;2;4;3;5;6;5;1;7;6;9;5;4;3;1;4.92
46;1;4;3;8;2;4;4;3;3;10;5;9;5;7;2;2;4;1;5.37
54;7;2;7;1;4;2;5;2;2;8;2;4;3;9;3;6;4;6;4.21
42;2;4;1;4;2;1;2;4;6;6;1;7;4;3;2;9;3;5;3.66
29;9;8;1;10;2;6;5;1;3;7;1;2;6;2;2;9;1;5;4.49
41;7;8;4;7;4;1;1;2;4;6;2;3;7;2;1;2;5;9;5.12
45;8;2;2;5;4;4;4;1;2;4;2;9;6;8;5;6;4;7;3.14
39;1;3;8;4;1;3;4;3;2;5;1;6;6;3;2;2;5;2;4.44
48;5;3;3;1;1;3;1;2;2;7;3;8;4;4;1;1;1;7;2.28
50;8;4;2;8;1;5;5;4;3;7;1;5;3;3;1;1;3;3;4.72
28;8;3;1;10;2;3;7;2;2;7;2;6;6;3;2;5;3;1;3.16
34;5;4;4;8;2;1;5;6;7;5;2;7;4;6;1;8;1;4;3.38
28;4;10;6;7;6;5;1;1;5;5;6;4;4;4;2;4;4;1;5.49
53;3;5;4;5;1;2;3;2;5;4;4;10;6;3;3;1;3;2;3.65
56;2;1;1;6;5;4;1;3;1;8;1;7;5;1;3;7;3;4;2.52
53;1;4;3;4;2;1;4;5;4;6;3;7;2;1;4;1;1;5;3.22
48;6;7;1;9;1;2;1;2;4;10;3;9;3;5;4;7;4;1;4.50
26;10;9;3;10;5;3;1;7;3;9;4;5;1;10;2;9;1;3;6.41
60;2;2;5;2;5;3;4;3;3;5;3;8;8;5;5;4;1;7;4.17
63;7;6;5;6;3;3;5;4;4;10;2;8;5;7;4;2;2;2;3.71
51;1;8;7;8;3;5;5;3;5;8;3;9;5;7;3;4;1;1;3.77
20;7;5;10;6;1;8;5;1;7;6;1;3;1;10;1;2;4;2;5.44
49;5;4;6;9;1;2;4;1;3;5;1;7;6;6;4;7;1;8;3.48
62;2;4;1;6;1;4;1;2;2;10;3;4;3;3;5;2;2;1;3.13
28;7;8;3;9;2;4;2;7;1;4;1;1;6;1;6;2;6;4;4.23
38;5;5;5;4;2;1;6;1;1;8;4;2;6;2;1;3;4;5;2.70
61;1;2;6;6;2;2;2;4;4;5;4;6;8;1;3;1;4;5;2.68
36;3;2;2;5;1;2;2;1;1;4;1;8;6;10;6;3;6;1;2.71
47;4;1;3;3;1;1;2;2;1;8;2;10;2;3;5;5;1;7;3.42
39;6;9;1;8;3;2;2;1;2;9;3;6;5;6;2;7;5;1;4.35
23;3;10;9;4;7;2;2;4;3;4;3;7;1;1;5;5;4;4;3.17
51;5;5;1;4;2;1;2;1;4;5;1;3;7;2;2;3;4;7;4.28
58;2;7;4;6;1;1;4;2;3;8;1;4;3;6;1;1;1;2;4.24
37;8;8;2;5;6;5;2;6;5;5;1;8;1;5;1;4;2;5;5.51
38;5;9;5;8;5;1;1;5;3;8;2;9;5;2;3;8;2;4;4.77
61;4;1;1;7;4;4;5;1;2;7;2;5;8;6;5;6;3;7;3.32
26;9;8;4;10;2;3;5;3;3;5;4;4;1;4;7;7;2;6;4.06
58;1;4;6;3;2;1;5;5;2;8;4;10;5;2;5;1;1;1;3.67
41;5;4;1;4;1;5;3;2;1;7;5;4;2;6;5;1;6;8;3.86
63;4;2;1;7;1;1;1;1;2;8;1;8;5;3;2;2;2;6;2.23
32;5;4;7;7;5;1;1;3;3;5;4;4;5;3;1;2;1;9;2.81
53;3;4;1;5;3;3;3;1;2;9;1;6;6;10;2;1;2;4;2.70
49;2;7;5;9;3;1;1;2;4;10;2;9;5;5;4;8;4;4;4.74
22;5;7;4;10;3;4;8;8;2;3;2;1;4;3;2;10;7;7;5.88
62;7;2;3;8;2;1;1;3;1;6;2;9;8;3;1;1;5;2;3.60
23;4;5;9;7;5;1;3;8;8;5;1;4;1;6;6;9;1;3;5.66
36;5;3;5;2;1;5;1;1;4;3;1;5;3;9;5;4;1;3;3.54
21;9;10;4;8;8;6;8;1;5;1;5;6;2;10;3;6;7;7;5.83
52;1;8;2;5;1;3;1;3;5;8;1;9;4;4;1;8;2;7;3.06
56;1;6;2;1;4;3;1;1;4;7;3;7;5;2;2;6;4;1;3.38
49;2;7;3;3;1;3;1;2;3;7;1;4;4;8;1;4;1;4;2.31
22;10;6;6;10;1;5;7;7;3;6;2;7;1;1;8;2;2;8;6.02
26;5;3;5;9;2;3;1;6;1;5;3;2;3;5;2;4;4;7;5.09
45;2;6;4;9;1;2;1;4;1;10;1;8;8;10;2;9;3;5;3.44
55;1;4;1;1;5;1;4;5;1;10;2;6;8;3;3;2;1;2;2.03
44;8;4;1;4;2;1;1;3;5;6;2;4;5;5;2;2;3;3;2.32
64;3;2;1;5;2;1;4;1;1;7;3;6;9;3;3;1;1;4;4.17
41;9;6;8;8;6;1;1;2;1;7;3;6;6;10;1;2;6;6;4.92
51;3;8;2;2;2;2;1;4;5;4;3;3;4;7;1;7;3;2;4.49
64;7;1;3;4;4;3;1;4;2;10;4;8;5;3;5;7;1;1;5.06
33;10;7;1;6;7;2;3;2;2;5;1;5;3;8;1;2;7;2;3.06
26;4;7;6;3;1;1;7;1;5;2;7;4;2;5;7;4;5;7;4.56
54;8;4;1;3;5;1;3;1;4;5;4;8;6;1;5;1;1;4;2.52
43;9;6;7;7;4;5;1;3;5;10;5;6;3;10;4;8;3;7;6.61
29;3;5;9;3;2;3;3;1;4;6;1;8;2;6;1;7;2;9;5.21
52;8;1;7;2;1;2;2;1;4;6;3;8;2;2;1;8;1;6;4.66
64;7;6;1;5;1;1;2;1;2;10;3;5;4;4;3;1;3;7;3.69
59;4;1;1;7;4;2;5;2;3;6;1;9;9;5;3;1;3;5;3.96
47;6;5;2;8;3;3;1;1;2;6;1;7;4;10;2;1;2;7;4.01
33;5;5;9;6;7;1;6;5;6;6;2;5;1;8;3;5;2;4;4.66
55;3;8;4;5;2;4;2;1;3;10;1;4;5;8;3;6;5;4;2.92
39;2;5;6;6;1;3;5;3;1;8;3;9;6;2;2;5;1;2;4.91
54;4;2;4;6;5;3;3;1;2;9;3;9;3;10;1;3;1;8;4.19
65;5;7;2;3;2;6;2;1;4;6;4;10;6;10;5;5;3;3;4.25
27;2;4;3;10;1;2;1;5;3;9;6;8;5;4;7;4;2;8;3.83
58;1;2;1;4;5;3;3;1;1;5;4;5;6;1;1;1;1;1;1.60
49;8;3;1;6;2;2;1;4;3;8;3;10;7;7;4;1;2;4;5.26
59;1;2;5;4;5;3;1;4;1;8;1;4;3;1;4;4;1;1;3.96
39;7;2;8;3;1;2;1;3;5;6;2;2;6;1;1;6;1;9;3.72
41;7;4;1;8;6;1;3;2;5;5;3;5;1;4;6;4;1;5;4.94
57;3;1;2;1;4;5;1;3;1;5;2;6;4;10;1;2;2;2;3.07
24;3;6;1;8;5;4;2;3;8;1;6;5;4;10;3;8;1;3;5.28
25;9;10;2;10;1;5;7;4;4;2;6;8;3;6;1;7;1;10;4.97
31;9;6;9;9;1;5;2;4;4;7;2;7;1;3;1;3;5;8;4.76
56;5;7;3;4;3;2;4;4;1;6;1;5;5;8;4;2;1;6;2.94
45;8;8;1;4;5;2;3;5;2;8;6;9;3;1;5;2;1;4;4.86
62;3;5;3;4;4;2;1;4;3;9;1;6;6;1;2;1;1;5;3.38
39;6;7;3;5;3;2;3;5;1;6;1;8;3;1;1;3;4;2;3.57
37;6;3;8;2;2;3;2;3;1;6;2;5;1;8;6;2;3;7;3.96
20;5;10;4;10;5;1;3;2;2;4;6;2;5;5;2;2;1;7;3.22
37;4;9;1;7;1;6;2;3;6;4;1;8;4;4;5;4;4;4;4.36
35;4;4;1;7;3;7;7;2;3;8;2;2;6;1;1;6;1;5;4.50
43;7;5;8;9;4;2;1;4;6;10;5;9;1;4;1;6;2;9;4.07
35;2;10;2;7;7;3;2;1;7;10;3;6;5;1;6;5;1;10;5.47
34;8;4;6;8;1;2;4;2;3;6;2;4;6;3;2;9;4;7;4.34
32;5;4;9;10;6;6;1;1;5;6;2;2;3;3;2;3;3;5;5.20
25;6;6;9;9;8;1;6;1;7;4;4;4;2;8;7;10;4;7;5.31
54;2;2;1;8;5;4;1;1;3;7;3;5;4;8;1;5;4;6;3.80
26;2;3;5;6;4;6;1;1;5;3;3;1;1;6;1;3;1;5;4.37
32;5;6;1;5;1;1;2;1;6;8;1;2;4;2;6;4;6;5;4.62
42;9;3;3;3;1;2;1;2;3;10;5;3;4;8;6;3;5;5;5.12
58;2;5;3;6;4;1;1;2;2;7;1;5;6;1;4;1;4;6;4.41
22;9;10;10;4;8;6;8;8;5;5;4;4;4;2;2;5;6;7;6.84
43;3;9;1;6;1;2;4;1;4;3;6;5;1;8;2;1;1;1;3.23
29;7;7;9;7;2;1;3;5;2;4;1;6;1;9;6;8;1;4;3.66
59;5;2;2;5;2;2;3;5;2;10;3;8;8;9;1;6;3;7;4.63
63;5;5;2;6;2;2;2;4;3;10;3;9;5;4;4;4;2;6;4.28
56;2;2;3;1;1;1;1;2;2;9;2;5;9;4;2;4;4;2;2.11
29;10;6;4;10;7;7;7;1;7;2;3;6;1;9;7;2;2;10;4.64
31;6;3;9;9;1;7;2;1;3;4;2;3;5;2;1;3;4;9;3.09
21;5;7;10;9;3;8;5;5;2;7;1;5;5;4;2;3;6;10;6.33
21;4;9;9;5;7;8;4;8;4;8;5;4;3;1;1;8;5;7;4.50
57;3;1;3;5;1;4;4;3;4;9;1;6;6;9;4;3;3;2;3.96
27;5;5;1;8;1;6;2;2;6;9;2;8;2;1;1;3;3;3;3.86
32;4;4;4;7;5;5;1;5;1;6;3;7;2;5;7;7;2;4;4.31
36;3;4;1;8;5;1;2;4;6;7;1;7;1;2;2;9;4;3;5.02
33;6;8;7;10;3;1;4;6;4;2;1;7;5;6;3;10;7;2;4.98
50;1;3;5;5;3;4;3;1;1;9;2;8;2;1;2;4;3;7;4.56
24;7;10;5;7;8;1;1;2;8;2;2;1;4;10;3;2;1;10;3.51
62;5;4;1;1;1;2;2;1;2;10;2;6;5;8;3;4;3;4;4.60
49;5;4;5;6;2;2;1;3;5;5;2;4;4;6;5;1;5;8;4.08
37;5;7;8;6;1;5;2;1;1;6;2;4;2;8;1;5;1;2;2.82
52;7;5;7;7;1;4;4;4;3;6;3;8;3;6;3;2;3;2;5.26
57;1;3;1;6;2;3;3;1;4;10;3;4;7;9;3;3;4;3;2.91
63;3;6;1;1;4;1;3;1;2;10;1;4;7;6;3;2;1;1;3.20
24;9;10;7;10;7;8;7;3;6;5;1;3;5;2;6;5;1;3;4.36
31;5;4;4;4;1;4;1;4;6;3;2;1;1;1;5;7;7;10;3.84
57;4;4;6;1;5;2;3;4;2;9;5;6;9;1;1;1;5;6;3.13
64;2;1;1;6;1;1;4;1;4;10;1;4;4;4;1;6;2;1;2.00
36;3;3;3;5;2;6;2;2;1;7;3;6;4;3;3;1;3;1;4.33
58;7;1;3;8;5;3;5;1;2;10;1;7;7;2;1;5;1;1;3.92
65;5;5;4;1;2;3;4;1;4;8;3;6;7;8;3;1;4;1;4.50
60;1;1;1;3;3;1;1;2;3;10;4;4;7;2;1;1;2;1;1.67
37;8;9;2;9;6;5;1;1;4;7;1;2;5;1;4;5;2;9;3.67
64;1;5;4;1;3;2;5;5;1;9;4;10;8;2;1;1;3;1;2.78
29;2;10;7;6;6;1;5;1;1;9;2;3;1;7;1;9;1;3;4.21
54;6;8;5;7;4;4;5;1;3;10;4;9;7;3;5;8;1;3;5.97
32;8;8;3;10;2;1;2;6;4;2;1;2;1;1;5;10;5;5;4.17
25;10;6;6;8;1;1;6;3;3;9;8;2;6;1;5;10;4;10;6.11
29;9;6;5;4;2;3;1;1;4;5;6;5;5;6;2;9;1;9;4.65
50;2;2;2;9;2;1;1;3;1;4;1;4;4;4;3;2;1;8;4.00
51;4;6;5;4;3;5;4;2;1;8;2;10;3;2;3;1;2;7;2.98
62;2;1;3;1;3;1;1;1;3;7;3;10;9;4;2;5;5;1;2.47
21;8;10;6;5;5;6;1;1;8;8;5;1;1;1;1;8;5;10;3.97
34;6;3;1;6;2;1;2;1;5;6;1;4;4;4;1;2;6;7;4.36
60;6;1;5;7;4;2;3;1;1;6;2;4;3;10;1;3;1;7;2.72
22;4;10;9;7;6;6;1;2;7;5;1;1;1;8;3;5;8;3;5.73
22;7;10;8;5;1;3;3;1;7;8;1;3;4;2;3;7;1;4;5.29
57;1;1;3;8;3;4;5;3;2;10;2;4;8;4;4;6;2;3;3.99
35;3;10;2;9;7;4;3;7;7;9;6;3;2;10;1;8;1;4;3.92
47;4;5;5;5;4;3;4;2;2;4;3;5;6;6;1;7;2;4;3.05
59;3;3;6;7;2;1;3;3;2;8;2;10;7;8;2;2;2;4;3.19
46;4;8;3;8;5;3;2;4;5;7;3;5;8;7;1;1;3;4;3.68
63;4;1;4;1;3;2;2;1;1;8;2;9;3;5;1;7;2;1;3.22
43;1;9;8;4;2;3;3;1;1;5;5;7;6;5;3;3;2;2;3.84
43;8;2;3;5;1;4;5;5;2;8;2;6;7;3;1;3;1;6;4.87
53;1;3;5;3;2;4;2;1;2;10;4;9;8;2;2;2;4;1;3.53
38;4;9;8;3;2;3;2;1;5;10;5;3;6;2;3;1;1;3;4.06
53;7;1;1;3;2;2;2;4;2;6;2;8;8;9;1;8;1;6;3.02
33;10;3;3;5;4;1;3;2;1;6;7;2;4;7;2;7;1;3;2.86
64;3;1;3;1;3;2;3;4;2;7;4;8;6;1;5;2;1;1;4.21
49;1;2;1;6;4;4;2;3;1;8;1;7;8;1;3;1;2;1;2.13
43;4;3;1;4;1;2;3;1;1;6;5;5;1;9;4;5;5;2;3.36
38;3;7;5;9;5;4;5;2;4;9;1;3;5;8;2;4;1;6;4.66
48;4;6;6;4;1;4;3;3;4;7;5;4;3;7;5;1;1;7;4.22
27;6;10;3;3;1;7;3;7;4;7;4;3;2;6;7;3;7;5;4.06
44;9;6;6;3;4;3;2;2;1;3;3;9;4;9;3;1;2;6;5.13
61;4;3;1;5;2;2;1;2;1;7;4;4;4;6;2;7;5;2;4.43
43;8;8;8;6;5;4;6;6;5;4;1;2;1;6;5;1;4;3;4.48
34;10;10;1;7;5;4;1;1;1;2;1;4;5;4;6;7;1;5;5.14
55;6;8;7;4;2;1;2;5;4;10;1;10;5;10;3;1;3;5;4.50
24;3;8;7;10;3;2;6;3;2;2;6;6;1;10;1;5;8;3;3.56
37;3;6;7;3;5;1;2;5;6;10;2;8;4;7;1;3;2;1;5.32
62;1;1;3;1;4;3;3;1;2;8;4;6;6;5;1;1;3;4;3.22
20;10;6;7;10;4;3;8;6;6;1;5;2;3;2;4;10;4;7;4.44
41;7;9;8;6;6;3;3;4;6;9;1;9;5;2;3;1;1;2;3.71
61;1;7;1;6;1;1;4;4;2;8;5;10;5;2;4;2;3;1;3.74
32;7;6;8;10;1;1;1;4;5;8;1;7;1;8;7;7;1;7;5.96
46;2;1;3;6;3;1;4;3;2;8;4;7;4;3;1;1;2;8;2.52
27;3;9;5;6;2;1;2;1;5;8;7;5;5;8;5;1;4;1;3.45
25;8;8;10;10;8;5;2;2;5;2;5;7;3;10;7;6;2;8;5.56
49;1;1;1;2;3;5;4;2;5;6;3;8;5;7;5;7;2;1;4.80
60;4;3;6;1;4;3;4;2;1;9;4;5;3;7;4;1;4;2;4.72
53;3;8;7;8;1;3;2;2;5;10;2;3;4;4;4;1;1;8;4.12
21;3;9;3;10;2;1;2;1;6;2;7;3;3;8;5;9;1;10;3.69
63;2;5;1;2;4;5;5;1;1;5;1;5;8;6;1;1;2;1;4.18
35;9;10;2;5;1;2;5;6;5;7;2;3;4;8;1;3;3;9;5.28
41;7;9;3;2;3;1;1;4;6;8;2;6;6;1;3;8;5;6;5.45
54;1;4;6;4;1;4;2;1;1;10;2;4;6;4;4;5;3;4;2.60
28;10;10;6;3;1;1;1;2;2;6;2;7;3;1;2;7;5;9;5.38
58;1;6;3;6;1;5;1;1;1;10;4;10;9;1;4;1;3;7;5.10
60;2;2;1;1;3;3;2;1;1;10;4;10;3;1;3;2;2;2;3.94
48;2;1;5;7;4;3;2;1;1;10;1;4;5;9;1;5;2;3;3.72
40;2;8;4;6;5;1;1;2;2;8;3;9;6;2;5;1;1;3;2.83
50;4;8;4;3;3;3;5;1;2;7;1;8;8;7;2;7;1;3;5.28
33;2;5;6;6;1;3;2;6;2;2;1;8;4;9;5;2;2;8;4.03
31;7;7;1;9;4;2;3;4;4;3;2;2;3;8;5;5;5;5;4.35
31;4;7;6;4;2;7;3;2;1;3;4;6;1;8;7;9;4;3;4.44
49;3;7;1;8;1;4;4;1;1;7;5;10;6;5;1;3;3;6;4.24
39;7;6;1;2;1;2;3;4;1;6;1;4;6;6;6;9;3;7;3.18
21;8;8;1;10;2;7;1;1;4;6;3;1;1;1;8;4;4;8;5.29
21;6;9;4;10;1;1;1;2;8;8;1;1;3;6;6;2;1;9;5.37
38;4;8;5;9;1;2;5;3;2;4;2;3;6;2;1;1;1;1;2.42
35;7;10;9;7;5;4;3;4;2;9;3;4;5;7;4;2;6;4;5.78
63;1;7;1;1;1;3;5;4;3;10;3;9;7;10;3;1;3;5;5.21
45;4;7;1;3;4;4;3;4;6;6;2;3;3;4;1;8;5;2;3.44
23;9;4;3;6;3;1;1;6;8;1;5;2;2;10;7;2;1;2;3.92
32;6;5;4;10;1;1;4;6;7;9;2;6;2;2;2;5;1;3;3.21
21;10;9;9;10;8;3;1;1;4;8;3;6;1;8;5;7;7;2;6.62
65;7;5;1;4;3;1;3;2;2;7;2;10;10;10;6;1;6;2;4.17
59;1;7;1;1;1;4;4;4;2;7;1;8;9;7;2;6;5;1;4.95
56;4;3;1;6;4;4;1;4;1;9;5;5;5;5;2;4;4;1;4.84
59;7;4;3;8;1;2;2;3;1;6;1;10;8;4;2;5;4;5;3.22
63;6;1;3;1;4;1;3;1;4;9;1;9;9;2;4;3;5;1;3.74
43;9;8;4;5;3;3;3;3;5;4;3;9;5;9;4;1;1;1;5.36
54;5;2;4;3;3;2;4;4;2;6;1;4;6;1;1;4;2;3;4.08
49;4;8;6;2;1;3;4;2;5;6;2;6;7;2;3;3;3;7;5.14
27;10;5;7;6;1;3;2;2;2;9;5;6;6;1;1;5;1;1;4.11
61;1;1;1;6;2;2;1;1;3;10;1;8;3;7;3;3;1;1;4.08
36;4;4;4;10;1;4;1;6;3;8;3;6;3;4;3;7;5;6;3.69
52;2;8;7;1;4;1;4;5;1;9;2;7;2;2;2;2;1;1;4.38
59;6;3;1;7;2;3;2;3;1;6;3;9;5;2;3;5;5;1;3.76
30;9;7;3;10;7;7;5;3;7;5;2;3;3;2;4;2;1;2;3.56
27;2;4;1;10;2;1;1;2;6;3;7;5;6;7;6;8;5;6;3.67
57;1;4;1;8;1;3;3;4;1;8;1;7;3;10;2;5;5;6;4.11
57;3;3;4;7;1;4;5;1;3;10;5;10;4;4;1;4;1;1;5.03
42;6;6;6;4;1;5;3;1;1;10;3;2;2;3;2;2;1;1;2.23
24;6;10;7;5;5;4;1;5;2;5;2;5;2;3;6;10;6;8;4.96
31;3;6;6;9;1;5;4;1;5;6;5;8;2;2;7;8;5;5;5.84
23;10;10;2;8;1;1;2;7;7;4;6;2;4;1;7;6;3;10;4.94
22;5;10;1;5;7;5;2;1;5;4;1;4;1;5;2;10;8;5;5.42
23;8;4;10;4;3;1;1;6;5;4;8;2;2;8;1;2;1;5;5.07
63;3;7;1;1;1;5;2;1;3;10;2;8;8;1;2;2;3;2;2.39
45;1;2;6;8;1;2;4;1;2;9;2;4;4;10;2;5;3;7;2.64
26;7;6;6;10;2;2;2;5;4;3;2;4;3;6;2;5;2;3;4.27
40;6;5;8;7;3;2;2;3;1;6;3;3;4;5;1;8;2;7;3.22
54;2;6;1;1;3;2;2;5;2;4;2;7;3;8;1;1;1;4;2.01
25;3;4;1;10;8;2;1;1;6;5;1;4;5;2;1;8;2;7;2.61
22;9;6;7;9;1;5;5;1;4;3;3;7;1;4;1;4;7;9;3.69
37;4;4;6;2;2;4;1;2;6;5;1;4;2;8;3;1;6;2;4.62
24;3;5;10;4;1;7;1;1;3;4;7;7;1;6;1;9;2;3;3.01
61;3;1;2;6;3;3;5;3;4;6;4;7;4;4;3;7;5;1;2.96
24;10;8;3;10;7;4;1;1;6;2;8;5;4;1;2;9;1;7;4.79
58;1;3;4;7;3;1;1;3;3;5;4;8;5;2;1;5;2;1;2.28
64;1;7;2;8;4;5;3;1;1;10;4;4;4;6;1;1;1;2;3.68
30;6;10;4;6;4;4;1;4;3;9;3;3;5;10;7;9;1;9;6.44
26;5;5;8;4;1;2;1;4;2;6;1;5;6;3;2;8;1;4;4.91
64;3;1;1;2;1;1;4;3;2;7;3;8;7;9;2;1;3;2;2.51
59;1;1;2;4;1;1;1;2;2;5;2;4;8;1;3;2;1;5;1.55
33;10;4;1;10;5;2;1;2;4;7;3;5;1;7;4;9;7;7;4.84
41;7;4;1;3;1;1;1;3;1;4;4;2;3;1;1;1;1;1;2.22
46;1;6;4;4;1;4;5;5;1;9;2;5;8;8;4;8;2;6;3.66
51;2;1;6;5;1;3;2;2;4;7;1;5;5;7;1;1;3;8;4.56
65;2;5;4;7;3;2;4;3;3;10;2;8;4;10;1;3;2;2;2.75
46;6;4;2;3;1;1;1;1;2;10;2;4;6;2;2;1;1;7;3.24
39;1;2;1;6;3;2;3;1;3;3;3;8;3;9;5;8;1;1;4.52
64;2;1;2;2;3;4;2;1;1;8;3;9;3;4;4;1;4;1;4.08
22;3;8;2;10;6;1;8;4;7;8;1;1;1;5;2;3;6;6;5.47
65;2;3;4;1;4;4;5;3;1;10;1;10;5;1;1;5;2;1;3.17
35;6;5;2;10;3;2;2;3;1;9;2;2;6;10;1;7;5;10;4.36
23;9;7;4;6;3;3;2;4;5;5;6;1;1;1;7;3;8;7;5.37
53;4;2;1;1;3;3;5;1;1;4;5;6;6;7;4;3;4;1;2.41
42;9;4;1;3;5;3;3;4;2;5;4;4;6;3;1;2;3;4;2.61
45;1;7;2;10;6;3;3;4;4;7;1;9;2;7;2;8;6;1;4.19
44;7;3;1;8;6;4;3;1;5;5;1;3;1;5;2;4;1;8;2.69
21;5;10;3;7;7;1;2;7;8;2;7;4;1;1;5;10;1;6;3.78
57;1;1;1;4;3;2;5;5;1;6;1;7;3;6;2;7;1;7;4.53
29;6;6;1;3;5;2;1;7;4;6;2;1;4;1;3;5;7;7;3.99
58;6;1;1;2;2;4;3;3;1;9;3;6;7;10;1;2;3;4;2.80
59;1;6;2;8;4;4;3;3;1;8;1;7;9;1;3;1;3;5;2.87
53;5;3;4;9;1;1;5;3;4;5;1;4;2;4;2;6;2;1;2.44
31;5;3;3;5;3;1;1;2;6;9;7;6;1;9;4;9;3;2;5.34
36;2;4;5;6;5;6;6;1;2;4;1;8;3;6;6;9;1;1;3.44
59;3;2;3;8;4;4;3;3;2;5;4;5;7;6;2;1;4;4;4.91
55;6;2;1;5;5;5;1;4;3;10;2;8;3;3;4;7;4;8;5.08
26;5;8;3;3;3;1;6;1;6;9;1;3;3;2;1;8;2;5;4.13
27;3;9;2;5;2;1;1;7;3;9;7;5;1;5;2;6;1;10;4.47
60;4;2;1;3;1;1;5;3;1;6;1;8;8;1;1;1;2;5;4.00
44;2;7;3;4;1;2;2;2;4;3;1;6;3;4;1;2;5;3;4.03
58;1;1;1;6;2;4;3;3;1;7;1;10;5;10;1;2;2;3;3.47
33;6;10;7;4;1;1;4;1;5;2;7;6;6;3;6;7;1;4;3.43
49;3;2;2;2;2;4;3;1;1;5;1;4;3;7;1;7;4;4;4.12
28;8;7;8;7;7;5;4;6;1;2;5;8;1;10;3;3;4;8;6.52
64;3;1;4;7;2;2;1;1;1;9;4;7;9;3;4;2;4;1;4.63
56;6;3;1;4;4;3;1;4;1;9;1;5;4;10;4;3;3;6;5.11
45;7;9;8;9;2;1;6;2;3;5;1;10;8;4;2;4;6;9;5.89
46;5;4;7;9;3;1;2;4;3;10;4;6;2;7;1;1;2;1;4.02
64;1;7;1;4;1;1;5;3;2;10;2;5;7;1;5;1;4;6;4.76
23;7;8;2;10;1;2;4;7;8;7;8;6;2;3;3;3;2;4;5.68
62;3;6;3;1;4;1;2;2;2;10;4;4;9;3;2;7;2;3;2.74
29;7;3;1;4;4;6;4;1;7;2;2;6;4;4;6;5;5;5;5.27
65;4;3;4;2;4;1;5;3;4;10;5;7;10;4;1;7;4;2;5.03
55;6;4;6;1;2;5;2;2;3;8;5;7;5;7;2;5;4;1;3.72
63;3;6;6;7;4;3;5;4;2;10;1;5;5;8;2;1;1;1;4.11
22;8;10;5;8;6;7;7;1;3;5;1;7;5;10;4;5;7;2;6.52
52;5;7;4;8;4;1;1;5;4;5;1;7;3;5;1;4;1;8;5.07
38;4;8;6;6;3;1;3;3;1;8;4;8;3;6;3;7;6;1;4.62
25;10;9;7;10;1;6;5;5;6;7;8;5;3;5;6;2;4;9;6.58
30;10;5;5;10;2;6;2;3;5;3;2;2;4;4;7;5;2;2;4.39
22;3;4;2;7;1;1;1;5;4;2;8;1;1;4;1;10;8;4;2.64
45;7;4;4;8;4;4;4;4;1;10;3;10;4;2;6;1;1;9;5.36
62;1;2;4;8;1;2;2;3;2;7;5;4;4;5;1;5;5;1;4.47
20;3;10;1;9;6;7;4;4;7;2;1;5;1;8;4;4;1;10;5.83
32;2;4;7;10;6;6;1;1;7;3;1;6;4;7;4;4;1;3;5.21
39;7;5;8;2;1;3;1;2;2;5;2;3;6;5;3;1;4;8;3.82
65;2;6;4;7;3;6;2;1;2;7;3;8;6;10;2;4;4;1;4.92
43;7;6;1;2;4;1;5;6;2;5;1;7;2;3;3;6;1;8;4.86
56;1;4;2;6;1;2;4;5;3;8;3;9;6;10;3;1;4;1;4.03
63;1;1;2;2;3;3;2;4;4;5;2;8;7;10;1;3;2;3;4.50
53;8;4;6;3;3;2;1;3;1;5;2;10;3;8;3;1;5;6;3.04
24;4;6;3;10;6;4;4;6;4;4;1;6;2;2;3;7;4;4;3.22
21;3;9;3;7;7;4;6;2;8;5;1;4;1;2;3;10;4;5;4.62
32;8;9;7;3;1;1;1;2;2;6;7;1;2;10;1;7;5;8;5.44
26;8;8;8;10;4;2;1;1;5;2;3;8;1;6;5;2;4;9;6.08
61;1;4;3;6;3;1;3;4;1;10;2;4;3;3;1;1;1;2;2.98
43;2;9;6;9;1;2;1;2;2;5;6;3;2;3;1;5;3;1;2.43
48;3;4;2;9;1;2;5;1;1;5;1;7;8;2;4;8;3;6;5.06
29;4;3;2;10;1;6;6;1;7;3;1;2;2;10;2;5;1;5;3.97
33;4;7;7;4;3;7;4;1;7;6;6;3;3;9;5;7;4;5;4.94
45;9;2;6;6;3;3;3;2;1;10;4;7;3;10;4;1;3;8;4.31
36;7;6;4;3;3;1;4;2;6;5;4;3;2;6;3;2;1;2;3.76
45;7;5;3;4;1;4;1;5;1;6;6;10;7;9;2;8;6;1;4.39
37;5;6;1;9;6;1;1;4;2;7;3;8;1;8;1;6;1;2;5.12
55;3;3;4;1;1;4;5;4;2;9;3;4;6;3;1;8;4;5;3.47
54;8;2;1;3;5;2;1;1;1;10;1;5;6;9;1;5;1;2;4.51
60;3;7;1;4;3;4;2;5;3;10;1;9;9;8;5;4;1;2;3.50
50;4;4;7;4;3;3;3;2;4;6;1;7;4;5;3;2;3;7;5.00
40;3;5;2;4;1;2;1;4;5;3;2;5;1;4;2;6;3;1;4.00
21;9;8;3;5;3;1;1;5;5;5;7;7;5;4;1;7;1;10;4.81
54;5;5;4;5;3;1;4;5;2;6;2;6;2;4;2;3;4;8;3.79
25;4;10;8;10;1;8;6;6;6;7;7;6;2;10;1;7;4;2;5.44
45;3;9;7;8;4;2;3;3;1;7;2;6;2;8;4;5;1;9;5.22
29;10;6;1;10;1;7;5;2;7;3;2;2;3;4;5;1;4;2;3.21
64;4;7;3;4;1;4;2;1;2;10;1;10;3;3;1;5;3;2;2.71
26;2;9;4;10;1;1;3;2;1;9;2;5;6;6;2;6;2;6;3.43
53;6;8;1;9;2;5;1;1;1;5;4;8;2;2;1;3;4;6;4.73
30;5;8;1;10;3;6;5;3;1;3;2;4;1;4;1;1;1;9;3.78
56;2;4;1;1;2;1;4;2;2;6;1;4;6;6;5;3;1;1;2.93
47;6;4;4;2;4;5;1;2;3;4;2;5;3;2;3;1;1;4;3.28
26;8;7;2;5;1;7;4;1;4;6;7;7;2;5;7;9;2;5;6.10
20;10;8;8;10;4;2;3;7;8;4;3;2;2;5;1;3;6;10;4.33
59;1;6;1;1;4;1;1;3;2;5;3;9;7;4;1;4;1;6;2.32
32;4;3;8;9;2;2;2;7;7;4;2;3;1;1;2;9;5;6;3.23
23;7;4;4;4;1;7;3;3;5;8;8;6;1;2;5;3;7;9;3.67
38;4;4;3;5;1;3;1;6;6;7;5;3;2;8;2;1;2;5;3.87
43;2;4;5;7;6;2;1;4;6;10;3;8;5;10;4;2;1;1;5.37
23;4;9;4;10;1;3;7;1;5;7;8;1;5;4;2;4;4;2;4.33
47;1;4;7;6;2;1;5;1;2;10;3;8;7;1;2;1;4;6;2.99
36;7;9;8;2;6;2;1;3;5;6;3;4;4;10;4;7;1;1;4.79
40;7;5;1;7;1;1;6;6;1;3;3;3;1;1;6;5;5;7;2.83
54;8;8;4;8;5;3;1;3;1;5;3;6;3;10;4;1;3;3;4.46
55;1;4;7;3;1;1;5;4;3;9;4;10;9;2;2;2;2;2;2.56
52;4;4;6;7;3;2;3;5;1;9;1;6;2;2;2;4;5;7;3.94
52;5;1;3;2;2;2;1;5;3;10;4;4;7;10;1;6;4;6;5.17
61;3;1;5;1;3;4;1;3;4;8;1;7;9;6;2;1;1;1;4.38
43;3;7;1;8;2;1;2;1;1;9;3;3;1;4;1;2;5;7;3.32
20;10;5;2;10;2;4;5;3;6;8;2;6;4;5;3;2;6;2;5.72
55;5;1;1;1;1;5;4;5;5;5;3;7;4;3;5;7;5;3;4.50
24;10;4;10;4;7;5;3;1;7;4;6;4;1;6;7;3;1;3;5.60
33;8;3;4;4;2;2;1;3;3;6;6;8;5;8;1;5;1;6;5.12
21;7;9;4;5;2;8;6;1;8;3;7;5;1;5;1;10;5;8;6.23
20;5;9;6;5;4;4;4;5;6;3;1;4;4;10;1;10;6;3;5.00
25;10;7;4;10;6;1;5;5;8;3;7;2;2;1;8;5;7;7;6.03
60;3;5;1;6;5;1;2;2;2;9;2;7;3;7;3;4;4;2;3.78
42;1;5;1;8;1;3;5;1;1;7;1;2;1;8;3;1;2;1;3.87
47;1;8;6;7;2;3;4;1;1;8;2;3;6;2;3;2;3;4;4.72
48;5;5;2;2;3;1;3;5;2;10;1;6;7;7;1;3;4;4;5.00
20;8;4;10;7;6;7;2;1;8;1;2;4;1;2;3;4;2;7;5.39
25;7;10;10;10;6;3;8;2;5;5;2;1;2;10;2;10;2;6;6.22
42;4;7;5;3;5;4;1;2;2;4;3;5;7;4;1;4;4;1;2.63
55;5;3;1;4;3;3;2;5;4;10;3;10;7;8;1;5;2;5;3.11
21;3;5;6;6;1;4;2;7;5;5;4;5;1;1;1;4;3;8;3.89
32;4;3;4;3;3;5;6;2;3;2;7;8;3;4;1;9;3;5;4.07
28;7;9;9;7;3;1;7;4;7;2;4;1;5;3;1;9;1;10;5.10
55;8;2;1;2;4;5;1;2;1;6;2;9;9;10;2;8;5;3;4.03
64;5;6;6;3;3;1;5;1;4;5;1;6;3;3;2;1;5;6;2.60
58;1;7;1;1;3;3;5;4;1;9;3;10;6;1;2;6;3;1;3.73
58;7;6;1;4;1;3;1;2;2;7;2;5;8;1;3;3;2;1;3.30
31;7;8;1;10;4;7;7;5;2;8;6;6;6;5;7;5;4;10;6.94
36;4;3;8;3;3;6;2;6;1;4;4;6;1;6;2;6;6;1;3.13
28;8;9;5;8;2;7;7;2;3;2;7;7;5;10;7;1;1;10;4.72
30;6;4;8;4;5;7;1;1;5;9;1;4;6;5;1;1;6;5;4.39
32;9;5;4;10;6;3;7;4;3;6;2;6;3;1;2;7;1;3;4.49
57;1;4;5;8;1;2;2;4;2;5;1;10;7;10;5;1;2;7;4.31
29;8;8;3;10;7;6;1;1;6;2;1;8;4;2;1;9;5;4;4.81
21;8;10;3;10;1;5;7;7;2;6;1;3;2;6;5;3;8;4;5.02
45;4;5;6;2;1;3;3;4;3;7;1;6;2;2;2;3;3;2;3.83
56;3;5;3;6;3;5;4;4;1;7;2;6;5;5;2;1;4;6;2.93
39;7;9;3;5;5;3;6;3;5;9;4;5;2;6;1;8;1;1;3.66
40;6;4;4;10;6;6;1;1;3;3;5;8;3;6;2;2;3;7;5.44
33;3;8;8;9;4;1;1;6;4;9;6;2;4;2;1;9;2;8;4.72
41;4;8;3;8;1;3;6;4;3;6;1;2;4;9;2;4;2;7;4.25
28;10;5;1;3;5;4;2;1;6;6;7;6;4;10;5;9;1;1;3.86
65;7;2;1;5;3;2;4;1;2;10;4;7;9;3;2;1;1;1;4.28
37;9;6;2;2;6;6;1;4;1;8;1;7;4;5;3;9;1;1;3.36
37;7;4;1;8;2;1;5;1;1;5;2;5;4;1;2;5;5;4;4.60
46;7;1;1;2;1;1;3;3;5;8;5;9;7;9;1;6;4;6;5.59
35;6;4;7;10;7;3;3;4;4;5;4;6;7;2;7;4;4;9;4.83
42;5;5;8;2;1;1;4;3;4;7;3;2;2;1;1;2;2;9;4.38
32;2;7;3;5;1;2;1;1;4;3;6;4;1;6;1;10;2;9;4.73
55;1;7;6;1;4;4;1;3;2;10;1;7;8;8;4;3;3;8;5.14
28;9;8;3;9;7;1;6;1;1;2;2;5;4;9;1;5;1;7;3.61
39;5;8;3;10;6;5;1;6;1;9;1;6;5;9;4;4;5;2;6.05
46;3;2;2;5;3;4;1;2;1;5;1;3;3;7;3;1;4;1;1.79
49;8;7;1;5;1;1;4;2;1;10;1;10;3;4;1;1;2;1;2.53
64;7;7;3;1;2;1;4;2;2;6;4;6;4;6;2;5;1;2;3.70
35;9;5;8;7;1;5;3;2;5;8;3;9;5;10;4;10;6;9;5.58
26;10;3;8;6;7;7;5;1;2;8;1;6;6;4;2;10;2;9;4.52
36;1;5;6;3;6;4;2;3;1;4;3;8;4;5;1;9;5;9;3.57
50;6;6;5;8;4;1;4;4;1;6;2;6;2;5;5;3;1;1;3.89
44;3;5;3;6;3;1;4;4;1;8;1;5;4;1;1;8;2;3;2.50
41;1;4;1;10;6;6;2;5;4;7;2;7;1;8;2;5;2;9;5.52
33;3;3;5;6;1;1;7;6;6;4;2;5;1;5;1;2;1;8;3.67
41;1;9;3;3;1;1;5;3;1;6;1;8;1;2;1;4;5;8;2.49
31;2;7;4;3;1;4;2;4;4;9;1;2;2;9;2;8;7;7;5.29
21;4;5;8;8;4;2;1;5;3;3;3;2;1;8;5;9;7;10;3.84
49;7;8;5;1;3;3;3;1;5;9;2;4;7;4;1;3;1;6;5.08
53;3;8;5;3;1;5;1;1;2;10;4;6;2;10;1;1;1;3;4.66
46;7;5;6;1;4;1;1;3;5;7;1;3;2;8;1;8;1;1;2.77
56;6;4;1;1;4;4;2;3;1;9;3;6;3;1;1;6;1;1;2.21
25;9;9;7;10;1;6;1;6;2;8;1;5;6;9;4;2;3;10;5.14
28;7;7;4;4;1;2;4;1;1;8;2;4;5;10;7;9;1;10;5.91
60;4;6;2;2;1;1;3;4;1;8;4;9;8;3;1;7;3;6;4.06
47;3;2;7;3;2;1;3;4;1;6;1;5;5;8;4;5;1;6;4.82
49;2;2;7;6;1;2;4;3;1;8;2;3;7;1;3;1;1;7;3.42
26;2;3;9;7;5;3;1;7;4;8;3;2;2;5;2;9;2;5;3.66
48;6;5;7;4;3;1;4;1;2;6;5;10;4;6;3;2;1;4;4.18
65;1;3;1;2;4;4;4;1;2;6;2;10;10;5;3;2;1;1;4.11
28;4;6;4;10;1;1;1;2;6;4;2;6;4;4;2;5;3;9;4.14
59;1;1;1;5;2;4;3;2;3;5;2;10;9;10;1;2;1;3;4.64
33;8;10;5;5;2;1;4;5;2;4;7;4;5;4;2;4;1;9;4.46
39;5;6;1;4;3;5;1;2;4;10;2;7;2;7;2;4;1;7;3.08
27;6;10;9;3;2;1;4;1;2;6;2;5;2;5;5;3;4;4;4.26
20;3;9;10;5;1;7;5;8;5;3;1;7;5;2;2;6;7;7;4.17
40;8;4;2;2;4;5;5;2;1;6;2;8;6;10;4;8;3;8;3.89
25;3;7;7;10;5;3;2;4;8;8;7;2;5;9;6;5;1;3;4.83
52;5;4;5;1;5;2;1;2;4;7;3;5;6;9;2;1;4;1;3.72
28;9;4;2;10;3;7;1;7;7;7;4;4;1;2;4;3;2;3;4.58
28;4;9;1;9;2;1;7;3;1;6;2;3;5;7;7;10;6;6;6.03
65;2;5;1;6;4;3;4;3;1;9;4;9;7;10;3;4;6;5;3.36
21;10;4;7;9;2;5;1;1;2;7;3;1;5;7;4;7;8;4;4.80
31;10;7;1;6;6;1;5;3;5;4;7;8;1;1;2;3;1;4;3.14
41;3;6;5;2;5;1;2;3;1;10;3;3;2;3;6;1;2;2;2.30
26;4;5;4;5;7;1;1;7;6;9;2;4;1;5;4;8;6;8;6.01
28;6;4;8;4;5;7;1;1;5;7;2;6;3;5;4;3;4;1;5.29
51;7;6;2;5;1;3;1;2;5;5;1;9;5;7;3;1;2;1;4.70
46;1;3;5;2;1;3;3;3;1;6;2;7;5;1;4;1;3;1;4.00
34;4;6;2;8;1;2;2;6;5;5;1;6;1;7;1;7;3;5;4.82
33;2;7;2;3;6;1;4;7;1;7;1;2;3;9;4;4;1;7;3.86
45;5;7;7;4;1;2;3;2;6;9;1;6;4;10;5;2;3;6;3.19
59;1;1;3;8;1;5;3;3;2;10;3;4;6;7;2;4;2;2;2.73
50;7;2;2;4;4;4;3;2;3;5;3;9;5;7;3;1;3;4;3.94
41;9;9;8;9;1;2;1;1;5;7;2;5;1;6;1;3;5;1;4.20
23;5;9;1;10;1;1;1;4;3;3;1;3;3;4;2;10;7;2;4.79
42;5;5;5;3;1;6;4;2;1;7;3;8;6;4;2;8;2;4;3.20
34;2;7;2;9;4;5;5;1;5;3;4;1;3;7;1;3;2;4;3.56
23;9;8;1;10;2;6;5;1;5;4;1;1;5;8;1;4;6;6;5.56
37;6;6;2;2;6;1;5;2;4;9;5;9;4;4;5;1;1;6;3.43
49;6;5;2;5;1;2;5;1;1;9;2;9;4;7;2;8;2;2;3.09
25;8;9;10;10;8;3;6;1;6;2;3;7;4;8;2;10;3;5;5.39
64;6;1;1;1;5;1;1;3;3;5;3;6;3;6;4;1;1;2;2.10
55;6;5;5;3;3;3;1;2;4;10;1;9;5;9;5;2;2;4;2.97
33;4;10;5;9;6;3;1;1;3;8;1;2;3;10;3;2;2;2;3.03
24;3;4;6;10;2;5;1;7;2;5;6;7;1;4;6;7;3;6;5.52
56;2;1;6;2;3;4;1;3;3;9;1;8;6;10;1;3;1;2;4.69
41;8;3;6;8;2;3;5;2;6;9;1;4;5;3;1;2;2;8;3.32
52;3;1;1;8;1;1;4;4;1;8;2;9;6;1;3;6;1;8;4.79
44;7;2;2;8;1;3;5;1;2;8;3;9;6;2;5;3;2;2;3.83
28;10;7;6;10;3;7;4;4;4;5;2;2;1;10;3;2;6;8;6.33
38;6;8;4;10;5;3;5;4;6;7;5;9;4;6;2;3;4;9;6.66
26;3;8;8;6;7;5;2;5;7;3;2;3;4;1;2;10;1;8;3.92
49;1;4;5;9;1;1;3;5;1;8;4;9;4;10;4;5;1;3;4.37
63;1;2;1;7;1;3;3;5;1;9;4;7;5;5;3;1;5;5;4.84
39;5;7;1;8;2;1;1;3;2;10;2;9;3;3;1;1;3;9;4.96
24;7;9;3;10;8;8;3;7;6;5;3;2;3;6;4;6;3;5;4.18
62;2;7;5;4;1;1;3;4;1;8;3;10;4;7;1;1;2;5;4.81
58;1;3;3;4;2;4;5;4;4;7;1;10;3;10;4;1;3;3;3.03
23;10;6;3;7;3;5;2;5;3;8;1;4;1;1;1;2;4;2;2.64
49;1;8;5;6;3;1;1;1;3;7;3;3;4;3;5;3;3;1;2.42
47;1;3;2;8;5;2;1;1;1;5;1;4;6;1;2;1;5;1;3.91
54;1;3;4;5;1;1;2;2;4;8;1;4;7;3;4;5;5;5;3.61
52;8;5;1;2;1;4;4;2;3;10;1;9;8;6;4;8;1;7;5.67
39;4;3;8;3;6;1;2;1;1;9;3;2;6;10;1;2;4;2;3.82
20;9;6;2;7;1;8;6;5;7;5;1;3;5;2;8;10;4;2;4.06
42;7;9;5;10;3;3;6;5;4;8;1;5;7;1;1;7;2;1;5.67
52;3;4;1;1;1;1;4;4;5;10;1;8;8;8;4;2;1;1;4.76
65;4;6;5;6;3;1;5;2;1;10;4;7;8;10;4;7;2;3;3.50
31;3;9;4;10;4;1;3;2;6;9;4;3;3;4;5;5;4;4;4.57
54;1;2;2;1;2;3;5;2;4;10;1;9;8;6;1;3;5;7;2.96
20;6;9;3;5;5;6;1;1;8;6;1;4;2;10;6;2;7;10;6.11
33;10;8;5;10;3;1;1;6;7;3;2;7;1;5;1;9;5;5;4.86
49;2;3;6;1;3;1;4;1;2;10;1;10;4;9;2;8;2;4;4.08
49;7;8;6;1;2;5;5;2;1;7;1;9;5;4;1;1;4;4;4.09
56;4;1;2;8;1;1;1;1;3;10;1;7;8;5;1;1;1;3;4.39
48;5;3;1;4;3;1;2;1;5;5;1;5;5;6;5;7;3;2;2.57
51;5;5;1;1;1;1;4;1;5;8;2;3;7;4;1;8;4;6;3.74
64;6;2;5;3;2;1;4;1;2;8;4;10;4;6;4;1;4;3;4.82
49;4;1;1;7;2;3;1;1;2;5;1;7;5;8;5;4;3;5;2.64
56;3;1;1;5;3;2;2;2;1;9;5;10;7;1;4;7;1;7;5.06
60;7;4;6;5;4;2;2;5;1;7;2;6;3;3;1;1;1;4;2.56
21;10;10;4;10;5;7;1;5;7;7;1;4;3;3;1;10;8;4;6.53
43;2;3;8;6;4;6;1;5;1;9;4;8;5;1;4;9;6;4;3.64
65;1;3;5;2;5;3;3;5;1;7;2;6;9;3;6;7;3;6;2.83
39;5;9;1;6;3;6;3;5;5;6;2;5;1;9;5;3;6;2;4.60
21;10;7;9;8;3;5;1;3;2;4;4;1;1;8;4;8;8;2;5.82
55;8;4;7;8;2;2;4;3;1;10;3;5;8;5;2;1;3;6;3.14
50;6;2;2;8;2;4;2;4;1;10;2;9;8;2;1;6;3;6;3.33
41;2;6;8;7;3;2;1;3;4;10;1;4;3;5;2;8;6;8;4.59
26;9;7;9;9;5;7;1;1;4;5;1;6;2;4;1;6;7;8;5.36
23;9;7;4;10;5;6;3;5;8;2;4;4;1;4;1;7;7;3;3.85
61;7;5;3;8;4;1;3;4;1;7;3;7;5;5;3;1;4;6;4.28
31;5;8;4;4;6;1;1;1;4;6;6;3;1;1;4;5;1;6;4.68
23;10;8;1;7;1;2;1;7;7;3;1;5;1;3;3;3;8;8;4.31
29;7;9;4;6;3;7;4;2;7;4;5;3;1;7;3;4;7;6;5.99
62;4;2;3;4;3;4;2;1;1;8;3;6;3;7;1;1;3;6;3.44
62;1;7;2;3;3;2;2;1;1;10;3;9;5;1;5;3;1;3;3.40
22;10;8;1;7;8;7;5;1;5;1;1;6;1;1;1;2;1;3;3.77
65;5;4;6;6;4;2;4;4;3;10;4;10;5;9;4;7;4;5;3.86
26;8;3;2;9;2;3;1;5;6;7;6;3;2;7;3;1;2;1;5.10
29;10;7;4;7;1;1;4;3;5;7;4;4;4;8;4;3;2;5;3.64
40;6;6;4;4;6;4;4;5;5;4;1;4;4;1;5;3;1;5;3.00
65;5;1;6;2;4;4;1;4;3;10;1;7;8;8;6;2;2;4;3.94
61;2;1;2;8;1;3;4;3;1;9;4;6;9;5;1;1;2;2;4.59
48;1;5;3;4;4;4;3;5;1;5;4;7;5;2;1;2;2;1;4.33
57;7;7;2;1;5;1;2;1;2;6;1;9;9;1;3;3;4;4;4.84
55;8;2;7;7;3;2;2;5;1;7;3;8;4;3;4;5;3;1;2.72
33;4;9;1;8;4;5;1;6;3;2;4;7;6;9;4;3;1;4;5.35
55;7;7;7;6;2;4;1;2;4;7;3;6;7;8;2;1;4;3;3.06
58;1;5;3;2;1;1;5;1;4;10;1;4;7;10;5;2;1;2;2.61
49;1;4;1;2;4;1;1;2;1;10;1;10;8;8;1;1;1;5;3.48
58;7;2;2;5;3;3;1;2;2;6;3;7;7;4;4;2;1;2;2.52
27;5;8;7;3;1;3;4;3;6;3;2;5;5;1;6;7;7;3;4.59
25;4;9;3;9;2;2;6;6;4;9;8;8;3;10;3;10;7;4;5.47
52;7;4;7;1;4;1;1;1;4;5;2;9;5;1;3;1;1;1;3.24
34;4;5;4;5;1;2;3;4;7;7;1;3;6;3;7;8;3;5;4.13
29;3;6;7;10;2;1;5;1;7;6;7;4;1;1;4;1;2;5;4.10
51;7;5;4;6;1;2;1;5;4;7;3;10;4;6;2;3;2;5;4.24
62;6;5;3;3;2;4;1;4;3;5;3;9;3;4;4;6;3;7;5.18
24;5;5;1;6;5;5;3;4;8;1;1;3;2;6;6;4;6;4;2.94
61;7;7;3;1;4;2;1;4;1;9;1;8;6;4;4;3;4;4;4.06
30;8;5;2;4;6;6;6;6;2;4;4;2;6;8;7;8;5;10;5.50
41;3;5;1;10;2;1;2;2;6;5;3;8;2;9;2;6;5;2;5.09
37;2;5;3;3;1;1;2;2;5;6;3;5;4;3;6;6;5;7;2.93
42;7;3;8;6;1;1;1;2;3;3;6;7;3;8;6;9;3;2;4.36
44;8;8;4;6;1;5;4;1;3;6;1;4;2;10;1;7;5;1;5.14
22;9;8;1;9;1;1;6;1;3;6;4;7;2;6;1;2;7;2;4.16
46;6;8;6;7;4;4;5;1;3;8;5;3;4;10;3;1;3;1;3.62
49;7;1;3;3;2;1;4;2;1;10;2;5;2;8;2;8;3;3;2.74
36;8;5;1;5;3;2;2;1;2;4;3;8;1;7;2;1;3;3;3.46
30;7;10;8;3;6;4;2;3;7;9;6;8;6;6;1;7;2;8;6.72
47;1;5;6;3;5;3;4;3;4;5;1;3;3;3;1;7;4;1;2.49
61;1;3;1;2;1;2;2;1;1;9;3;6;4;3;3;6;5;4;4.16
36;6;6;6;10;2;4;1;3;2;8;4;6;1;3;5;4;2;5;5.49
24;10;8;9;10;6;6;6;3;4;6;1;4;1;10;7;2;4;10;6.77
52;6;5;7;1;5;4;4;4;4;5;1;5;3;5;1;5;4;4;5.03
27;5;7;4;4;4;2;1;4;6;4;2;3;2;3;7;3;6;3;4.01
48;5;5;4;3;2;4;4;2;1;10;1;6;6;7;3;6;1;3;3.08
21;7;8;7;10;6;1;7;4;3;3;5;6;2;3;1;7;2;4;3.75
46;1;6;4;7;3;3;1;1;2;8;4;6;2;3;1;8;1;8;3.90
44;5;2;1;9;3;3;2;2;4;6;2;7;1;8;2;6;3;1;2.70
37;7;7;6;3;1;5;1;1;1;5;1;2;2;1;4;8;2;7;3.66
52;2;6;1;8;1;1;3;4;4;4;2;5;8;6;3;4;1;3;3.70
42;8;2;7;10;3;5;1;2;4;7;4;6;1;7;6;8;3;5;5.88
31;3;10;3;10;1;4;7;6;5;4;1;8;1;1;2;8;3;8;3.69
52;3;5;1;3;5;1;4;1;4;6;3;5;2;1;1;1;5;2;2.94
31;4;10;1;3;1;5;5;1;7;7;1;6;1;9;1;7;2;7;5.30
39;9;9;1;8;1;4;5;4;1;6;3;8;1;4;3;1;6;3;4.33
35;5;9;2;3;6;3;2;2;4;5;2;8;3;4;2;10;1;9;2.97
64;5;7;2;3;5;3;1;5;1;10;3;10;7;8;1;7;5;6;5.92
26;3;9;6;5;1;7;7;4;5;4;3;4;4;1;1;3;2;3;3.16
61;4;1;3;1;4;3;1;3;4;6;2;5;6;3;5;1;1;7;3.34
47;6;4;1;9;5;3;4;2;4;6;2;5;8;3;1;5;2;6;5.39
28;8;4;6;4;2;6;4;4;4;9;2;4;4;2;4;6;4;3;3.51
51;3;2;1;2;5;2;5;5;1;9;4;4;2;1;1;1;2;8;4.21
37;9;2;1;10;1;3;1;5;1;3;3;9;7;5;1;9;1;1;3.08
30;4;6;7;3;2;3;1;6;3;5;1;1;5;10;5;6;6;9;4.61
44;1;7;2;4;1;3;2;2;3;10;6;6;6;6;4;6;1;1;2.83
22;4;9;2;10;7;1;1;4;3;6;6;4;1;10;1;9;2;4;4.60
63;7;5;5;7;4;4;4;4;1;9;2;6;4;9;5;1;1;1;4.42
30;4;3;1;9;6;1;1;5;3;6;1;4;2;8;3;10;2;4;4.06
26;7;4;9;8;6;1;4;1;6;7;1;2;1;8;1;10;1;9;3.93
25;6;8;2;6;8;4;8;4;5;8;1;8;1;4;3;10;6;9;4.19
24;8;6;4;10;7;2;1;6;6;6;5;6;1;4;1;6;1;8;3.73
25;3;8;5;6;2;5;7;2;7;5;4;7;1;4;4;8;8;7;4.69
47;5;5;2;2;1;1;3;1;5;4;1;10;8;5;1;4;2;6;3.68
38;4;9;8;5;1;1;2;6;6;4;1;8;7;2;1;7;4;7;3.70
60;6;6;3;4;2;2;2;2;4;9;4;5;7;5;3;1;4;2;3.94
42;6;7;1;7;3;1;2;2;3;4;3;9;7;5;3;2;3;7;4.18
47;7;3;1;9;2;4;5;2;1;5;1;5;5;8;1;3;2;2;4.70
32;10;6;2;3;5;1;1;6;6;9;2;2;1;7;4;3;2;10;4.34
52;2;1;4;6;1;1;3;1;1;5;4;3;8;2;3;1;1;4;2.88
39;2;8;5;6;1;2;6;2;6;4;1;2;2;1;1;5;5;7;3.69
43;2;5;2;9;3;3;6;2;1;10;2;9;2;5;2;4;1;6;3.09
22;8;7;7;5;6;1;6;6;3;1;1;1;2;8;7;10;5;6;5.92
55;2;3;7;2;3;4;4;1;1;5;2;4;9;5;2;8;1;8;2.53
61;7;7;3;3;2;2;5;2;1;7;2;10;9;3;2;1;3;1;3.89
49;7;5;1;8;2;3;1;3;1;7;2;5;7;9;2;7;1;1;3.01
27;9;8;5;3;1;6;3;7;3;7;2;2;6;7;4;6;7;9;5.43
39;9;8;7;7;4;2;1;4;1;10;2;6;2;2;1;5;3;1;4.21
24;10;6;2;10;7;1;4;3;5;3;5;1;1;3;1;2;4;3;2.81
54;1;8;2;3;1;3;4;3;1;10;2;5;2;1;5;5;1;1;3.20
37;5;3;5;8;4;1;2;3;2;3;1;6;5;8;2;2;6;3;2.93
62;3;1;2;7;1;1;2;2;1;9;1;8;3;3;1;2;1;6;2.00
39;5;5;1;10;1;1;2;2;5;10;5;9;6;7;3;9;2;1;5.67
45;8;9;7;4;2;5;2;3;4;10;2;10;7;1;3;3;5;7;4.64
55;3;8;3;8;5;2;5;2;4;6;4;7;3;2;1;7;3;2;4.69
54;6;5;6;3;2;4;3;4;4;5;1;8;2;8;1;1;5;2;2.87
61;4;1;2;4;3;4;4;1;1;6;5;5;3;8;1;1;2;1;2.17
56;2;1;1;1;1;2;4;1;4;6;2;4;8;1;3;3;2;1;2.66
61;1;1;3;7;1;3;1;2;3;6;4;5;4;6;1;5;1;2;4.11
34;7;9;8;10;1;2;7;7;2;7;5;3;5;6;6;3;5;10;4.54
21;9;9;3;5;2;1;1;1;6;6;3;1;1;5;1;5;2;6;4.68
21;8;10;5;9;5;8;1;8;2;1;4;6;1;10;2;7;1;7;6.22
39;1;2;6;10;3;3;5;3;2;7;2;9;7;5;3;9;1;7;5.77
22;9;8;9;9;1;7;6;8;8;7;5;2;4;10;1;10;8;2;5.22
52;1;8;5;3;5;3;1;3;5;4;5;4;3;1;4;7;4;6;3.98
31;8;3;4;6;5;1;2;4;1;6;5;2;6;2;5;3;6;4;3.02
44;5;4;7;5;4;3;1;2;1;7;1;9;3;6;3;1;3;1;2.58
31;6;4;9;6;5;1;6;1;4;8;1;8;5;6;3;2;2;9;4.74
33;5;7;3;3;5;5;1;2;5;9;1;6;2;1;3;4;5;4;2.86
20;10;4;3;10;8;7;7;6;8;4;6;3;1;6;5;10;1;10;6.06
36;3;5;1;7;3;2;2;5;6;5;2;8;3;1;5;5;5;4;4.13
50;3;5;6;3;1;1;2;2;1;10;5;10;5;3;4;8;3;2;5.11
57;3;1;3;1;5;4;1;4;2;8;2;10;6;10;4;2;1;6;4.11
61;1;4;2;4;1;1;2;1;1;10;1;4;9;6;1;7;4;7;2.66
56;3;5;2;5;3;2;2;5;1;8;1;8;7;1;5;4;4;4;3.91
25;8;7;5;6;1;5;5;1;2;9;2;8;2;2;2;3;7;10;5.31
24;4;8;7;5;2;4;3;5;6;7;8;1;2;9;3;7;8;9;4.18
51;6;5;6;9;4;4;1;3;1;4;1;7;3;10;1;1;4;4;5.10
54;3;2;7;7;3;3;3;5;3;7;1;5;8;9;1;1;2;7;4.19
59;3;6;6;7;3;2;1;5;2;10;3;9;4;3;3;1;2;1;4.96
53;8;4;3;6;1;4;5;2;1;8;1;7;5;5;1;7;1;2;4.89
56;6;2;1;4;4;2;2;3;2;7;3;4;8;7;1;1;4;1;2.38
52;1;3;2;5;4;1;1;3;3;10;1;3;8;1;2;3;1;8;4.28
28;10;5;1;6;1;3;7;6;1;2;1;4;4;10;7;6;1;8;4.69
53;1;1;2;3;3;1;3;1;2;5;3;7;4;4;2;1;5;8;2.16
42;5;6;6;2;3;5;6;4;3;6;3;4;5;7;4;4;5;7;3.61
48;5;4;2;9;2;4;1;1;1;8;4;4;7;6;1;5;2;1;4.69
29;7;10;8;5;2;1;1;3;3;8;1;1;4;2;2;7;2;8;4.19
58;6;4;3;2;1;3;2;1;1;10;1;6;7;10;3;1;3;1;2.68
32;9;8;7;10;1;1;6;1;2;9;3;3;1;10;2;6;2;7;3.83
25;10;7;4;10;2;7;1;2;8;6;1;4;1;1;8;9;2;10;3.81
62;3;6;6;6;1;1;1;2;2;10;2;8;4;8;4;6;2;5;3.29
59;2;4;6;1;3;3;2;4;2;9;3;7;7;7;4;2;2;7;3.19
56;7;4;3;7;4;2;1;4;3;10;5;9;6;7;2;7;1;5;3.86
50;2;7;1;5;3;3;4;3;5;8;1;7;2;6;2;4;2;4;3.83
47;4;1;1;6;4;3;2;2;3;10;5;7;6;2;3;1;1;5;2.75
41;8;7;5;9;2;6;2;3;1;3;3;9;5;1;2;3;1;1;3.91
50;7;8;5;1;1;1;1;3;2;8;3;4;5;5;2;2;3;1;3.44
56;2;4;1;6;5;5;4;1;4;7;2;9;9;9;1;1;2;1;3.01
59;1;1;3;7;3;2;1;3;4;8;3;6;4;3;1;1;2;3;3.12
44;9;5;2;8;3;1;1;3;1;9;5;4;7;1;3;4;1;1;2.78
48;8;8;2;9;2;4;4;4;1;6;2;5;2;4;2;1;3;5;5.01
38;2;4;3;9;6;3;2;6;6;3;1;7;1;1;1;3;4;5;2.79
21;10;9;8;5;2;1;6;4;6;8;1;5;1;10;2;10;3;7;6.41
29;9;3;1;10;7;1;4;1;5;3;2;3;4;10;2;3;2;10;5.46
63;2;7;1;4;1;2;4;5;1;7;3;10;8;2;1;2;1;1;4.48
56;5;5;3;5;2;4;1;3;2;8;4;4;6;1;1;6;2;2;2.62
47;8;5;7;7;2;3;1;4;5;4;4;4;6;6;4;2;3;1;4.24
30;9;9;1;3;6;7;6;1;7;2;1;5;5;8;1;4;7;1;5.61
58;3;5;5;8;2;2;2;1;3;6;3;7;3;5;4;4;4;6;4.11
24;7;9;10;10;4;7;1;1;2;6;2;3;1;7;6;4;4;10;4.04
65;3;4;2;1;2;2;1;1;2;10;1;10;4;10;5;3;4;4;2.53
31;8;6;2;10;5;4;1;1;1;3;6;5;4;9;1;10;2;1;3.37
39;3;5;6;8;2;1;3;2;1;9;4;9;4;3;1;7;1;1;2.89
45;2;9;7;10;5;6;4;2;3;8;6;7;2;2;4;4;4;3;5.39
57;1;1;1;4;1;3;3;3;1;10;1;10;4;5;4;2;1;7;2.59
47;3;1;4;8;4;1;2;2;1;6;4;10;4;2;4;4;2;1;2.55
20;10;4;10;7;7;1;5;6;7;5;8;3;1;2;6;2;1;9;4.22
57;1;4;3;7;3;5;2;1;4;7;1;4;7;10;3;6;1;1;2.91
65;2;7;1;3;5;2;4;4;3;9;4;8;8;10;2;7;4;7;5.56
55;1;6;3;4;4;5;2;3;5;8;3;7;6;6;3;6;4;2;2.86
42;9;3;6;3;3;1;4;3;3;6;2;6;5;2;4;1;1;4;3.62
24;9;10;2;10;2;8;4;5;2;2;2;3;1;6;4;6;5;10;3.77
55;7;4;2;7;3;1;1;2;2;9;4;10;5;3;2;4;4;6;4.81
46;7;4;1;9;4;3;1;2;1;10;3;6;6;8;3;7;1;8;5.87
31;2;8;5;3;4;3;2;1;5;7;2;4;3;5;1;6;5;9;4.15
51;2;4;1;4;3;1;4;3;4;5;3;6;5;1;3;6;3;2;4.32
56;1;5;4;4;3;4;5;5;1;10;1;5;8;8;4;5;1;7;3.54
58;1;5;1;1;2;3;3;2;1;5;4;10;4;3;4;5;1;5;2.36
50;1;6;1;5;3;3;1;4;1;9;5;6;8;10;2;4;1;5;4.17
65;4;6;6;6;5;4;4;2;1;10;5;8;6;3;1;4;1;2;3.94
63;2;4;1;1;4;1;2;1;4;10;4;10;4;7;1;4;1;1;3.44
65;1;3;3;8;4;1;1;2;2;10;4;10;4;10;4;1;1;1;3.58
45;4;3;1;8;2;3;5;4;3;9;3;7;2;1;3;1;2;2;3.08
50;1;8;3;5;4;4;4;5;1;10;1;6;5;7;3;1;3;2;5.06
26;9;3;9;7;3;4;1;5;3;2;2;8;1;10;5;7;6;3;6.11
39;6;3;1;10;3;2;6;1;1;7;4;8;6;4;1;2;6;7;3.35
51;6;7;5;2;3;3;4;1;3;7;2;9;3;2;4;4;4;3;2.97
27;4;9;1;8;1;6;3;5;1;6;2;4;3;6;7;6;2;1;4.33
24;8;9;4;10;4;6;4;1;3;3;2;2;1;2;1;4;6;3;4.86
27;5;4;3;7;5;6;4;1;3;2;1;7;6;7;1;4;1;9;3.39
42;5;6;6;10;3;2;1;1;1;8;1;6;5;6;6;1;1;1;2.90
35;9;9;6;10;6;1;3;3;1;3;3;4;3;1;1;7;7;6;3.25
46;1;7;2;5;2;1;2;1;1;7;2;4;4;10;3;5;2;7;4.67
63;5;7;6;8;2;4;3;1;3;7;1;9;6;7;1;7;5;2;4.67
23;4;10;1;10;1;4;1;1;8;2;3;1;1;7;3;2;1;9;2.78
51;5;7;2;6;1;3;3;1;3;5;1;5;8;1;1;1;5;7;3.62
61;5;5;1;1;2;4;3;5;2;10;3;8;4;5;4;6;4;4;3.23
54;1;5;5;9;1;3;3;4;5;9;5;10;8;6;1;3;1;3;3.44
42;9;2;7;4;3;3;1;1;6;7;1;5;5;10;4;7;1;1;3.23
41;5;6;5;4;3;2;5;5;4;9;3;3;4;7;2;5;6;8;4.73
57;4;7;4;5;4;1;1;1;2;5;2;10;7;1;1;7;4;5;4.03
20;3;10;9;10;1;1;7;1;7;1;6;6;1;5;1;4;4;7;5.67
41;5;6;8;9;4;3;1;2;2;4;1;5;3;1;4;5;1;8;3.96
41;2;4;3;8;1;1;3;6;1;3;1;7;6;5;4;7;2;9;5.04
42;2;9;2;10;2;3;1;2;1;5;2;8;7;4;1;5;2;7;3.08
24;6;4;2;9;6;5;5;6;7;1;2;5;5;8;5;3;6;10;4.08
50;6;4;1;4;2;1;4;5;2;9;4;4;6;6;2;7;2;7;5.22
58;2;4;2;1;1;2;2;4;3;10;5;9;4;7;3;1;3;6;2.88
34;6;7;1;8;1;2;3;4;7;5;3;7;5;1;2;1;1;9;3.97
29;9;7;5;7;5;3;3;5;2;4;1;2;5;1;6;10;2;6;4.66
38;6;7;8;3;1;1;3;1;3;4;1;5;5;5;3;3;3;9;3.02
24;10;4;6;8;6;1;1;7;5;6;3;3;1;10;1;6;6;4;5.73
61;1;4;1;5;4;2;2;1;3;8;2;7;7;1;4;1;1;1;3.08
28;3;4;1;4;1;1;3;5;5;4;7;5;1;9;1;4;3;4;3.71
26;10;4;1;6;5;2;2;1;6;4;1;4;3;5;2;10;7;3;5.29
51;7;7;6;4;5;1;1;3;4;4;1;4;6;10;3;3;3;8;3.43
64;4;5;3;6;5;5;3;1;3;10;2;6;8;1;1;7;3;2;3.21
41;6;7;4;3;2;5;2;1;6;7;5;7;5;2;5;8;5;3;4.55
59;1;3;1;6;2;3;2;4;1;10;1;10;6;3;4;1;1;4;2.53
52;4;3;3;3;3;2;1;1;4;9;4;4;6;9;2;5;1;1;3.61
53;3;3;2;9;1;3;4;5;1;8;3;5;5;10;4;1;3;2;3.95
59;2;1;1;4;2;4;3;4;4;5;1;10;9;7;3;6;2;3;3.99
48;6;6;2;8;3;1;4;1;2;5;2;6;5;7;3;1;2;8;5.04
38;7;5;2;9;6;2;1;1;3;8;1;5;6;5;3;9;3;3;5.46
24;5;4;2;7;8;8;8;3;7;7;4;1;1;3;1;5;7;7;4.69
32;5;7;9;8;7;3;4;4;1;6;2;5;4;4;4;6;3;3;4.62
49;2;2;1;6;1;1;5;2;1;9;4;8;7;6;3;7;1;2;2.78
47;5;1;1;8;3;2;3;1;2;9;3;9;8;10;2;1;2;1;4.98
26;2;5;9;4;5;1;3;1;5;6;5;7;5;6;7;3;7;2;5.79
36;8;5;1;3;5;1;3;5;3;3;2;8;3;8;5;3;5;5;3.31
24;8;5;3;6;3;7;8;1;2;4;2;1;1;8;7;5;6;3;3.20
22;3;7;7;10;5;4;3;1;2;2;1;6;2;3;1;10;3;2;4.97
37;2;8;3;6;3;3;1;1;3;5;1;4;6;2;2;9;2;8;2.85
30;5;5;4;10;7;5;5;1;4;7;6;4;5;7;1;3;1;3;4.61
49;7;8;2;3;3;1;4;1;2;10;4;8;8;8;4;1;2;5;3.50
42;6;4;1;4;2;5;6;2;3;10;1;3;7;3;4;1;4;3;3.76
57;2;4;1;4;1;2;2;1;1;10;2;5;8;10;1;7;2;4;4.76
40;5;9;3;6;1;2;3;3;1;7;1;3;1;7;3;6;5;1;4.72
49;8;8;1;3;3;4;2;1;3;4;1;5;8;10;2;1;5;2;4.98
56;1;1;1;4;1;1;3;4;1;5;1;9;4;9;2;3;3;3;3.20
23;6;8;9;10;6;1;2;7;7;2;6;7;2;4;7;4;1;10;6.38
50;6;5;5;6;2;1;3;3;4;4;4;6;5;1;4;1;3;5;3.78
29;10;6;1;10;2;5;3;2;7;7;1;1;1;2;3;8;2;4;5.19
20;10;7;10;6;7;2;6;1;7;5;6;1;2;6;3;10;6;10;5.83
39;9;5;2;6;1;4;3;4;1;5;3;5;7;1;3;6;3;4;3.03
53;3;2;1;9;4;4;2;2;4;10;1;3;4;10;2;1;4;4;3.84
55;3;4;4;7;1;1;5;1;5;10;4;7;7;4;1;3;5;5;2.92
64;3;7;4;1;1;5;4;5;1;10;5;10;5;8;2;6;5;4;3.73
28;8;4;1;7;6;6;1;7;4;8;2;5;2;3;6;5;2;6;3.74
61;1;1;6;1;4;2;1;1;4;10;1;9;7;9;2;6;3;2;2.90
25;9;4;6;9;4;1;6;7;4;5;7;5;5;5;8;7;1;10;5.28
25;3;6;1;6;2;7;2;1;7;3;2;1;3;7;1;5;2;5;2.17
57;6;1;6;8;1;4;3;4;2;10;5;7;5;6;3;3;2;4;5.54
24;10;8;2;10;1;4;2;2;6;2;1;5;1;5;5;5;6;7;4.36
25;5;5;2;8;7;7;1;3;4;3;2;3;1;10;1;6;4;2;4.69
64;5;2;4;2;1;1;1;2;3;7;2;10;8;4;2;2;2;5;4.48
41;6;2;8;6;5;4;1;1;3;8;2;4;5;3;1;1;4;7;2.92
30;7;9;7;6;1;2;4;1;1;6;2;5;1;5;6;4;1;1;3.83
42;2;5;1;9;3;5;1;3;4;6;3;3;5;2;1;2;2;8;4.62
28;3;6;9;10;4;2;1;7;2;7;1;2;5;10;1;10;3;7;5.07
22;9;8;5;6;4;7;2;8;3;8;5;2;1;8;6;10;7;9;4.86
58;1;1;1;8;2;2;1;4;4;9;1;10;7;6;4;1;5;1;4.74
32;7;7;5;4;2;7;7;7;6;2;1;7;2;6;1;8;1;8;5.82
23;8;6;3;6;1;1;8;3;2;8;1;7;1;8;1;4;1;7;5.14
46;3;7;2;4;4;4;1;5;1;9;5;8;7;5;5;8;1;8;5.99
25;4;5;3;8;2;1;2;2;6;9;7;3;3;2;2;7;3;7;2.75
50;6;2;5;5;1;4;4;1;5;5;1;3;5;1;3;1;1;7;4.33
56;4;4;3;3;3;4;3;5;2;10;1;7;8;7;3;2;2;1;4.00
65;4;6;2;1;2;2;2;3;2;10;2;5;6;10;3;7;3;4;4.69
24;9;10;6;6;3;3;7;3;7;5;1;6;1;2;6;5;1;8;4.79
46;6;4;3;3;1;5;3;2;4;7;1;6;3;1;5;5;1;8;2.98
58;7;5;2;1;1;4;3;3;2;10;2;8;8;1;2;2;4;1;2.67
61;1;1;6;6;1;3;5;4;1;9;1;5;8;1;3;1;4;4;3.57
30;3;8;8;5;4;5;1;2;3;8;7;3;6;4;6;10;1;10;4.22
48;5;1;2;8;4;1;1;4;2;8;4;5;5;7;2;3;4;7;5.06
41;8;6;1;3;2;4;4;4;4;6;2;8;5;2;1;3;3;6;2.97
64;1;6;5;1;3;1;4;2;2;6;4;9;8;1;4;3;1;1;3.49
36;5;2;4;2;1;1;4;6;5;6;6;2;7;6;2;9;3;1;5.09
59;7;2;2;1;1;5;4;2;1;7;4;5;5;10;3;7;2;6;3.11
65;7;7;3;4;1;1;1;2;3;10;4;7;5;10;5;2;5;1;3.00
41;9;6;7;5;6;3;1;2;1;3;3;9;6;7;2;1;3;6;3.43
49;2;1;2;4;2;5;5;3;1;10;2;8;3;7;5;3;1;2;3.71
39;6;4;2;8;1;3;5;5;2;8;3;6;2;3;5;1;6;9;4.45
60;6;1;3;8;1;3;1;1;3;10;3;7;4;3;2;2;3;2;2.50
25;6;4;9;5;5;2;2;1;4;6;1;4;2;6;3;6;6;8;3.00
45;6;3;3;7;4;5;4;1;1;4;6;5;4;10;4;6;6;1;4.03
29;3;9;8;10;4;6;3;1;7;8;1;5;5;9;1;5;3;1;5.99
32;4;7;1;8;1;5;1;1;5;3;7;4;1;1;1;10;3;7;2.84
39;2;5;1;10;3;1;2;6;1;7;4;9;6;1;1;9;2;2;4.04
53;1;8;1;3;2;2;3;4;4;7;1;7;4;10;1;6;3;2;2.82
58;1;1;1;3;3;2;3;1;3;10;1;9;5;4;3;2;5;2;4.26
53;6;4;3;1;4;2;1;2;5;9;5;9;7;6;3;4;3;3;5.24
52;4;3;2;9;5;4;1;4;1;7;3;6;3;9;1;3;3;2;2.88
61;5;6;6;7;1;3;1;4;2;5;3;6;7;2;1;3;2;6;2.89
31;4;6;4;7;5;4;1;4;2;8;2;4;1;9;6;9;1;7;5.61
28;10;5;7;8;2;3;1;5;2;2;3;6;1;5;1;2;7;3;4.13
39;4;7;2;5;1;6;1;4;3;5;2;3;1;1;3;2;1;7;2.28
43;8;6;1;8;4;3;5;2;1;10;3;6;7;3;5;5;5;6;3.74
25;5;4;6;10;1;2;3;4;3;9;2;6;1;4;6;10;3;10;3.56
62;4;1;1;3;2;5;2;1;4;10;4;7;9;1;3;1;1;2;3.39
34;7;5;9;5;7;2;4;5;4;7;3;1;1;1;4;5;4;7;5.23
58;6;2;4;6;4;1;1;1;1;10;4;10;5;1;1;4;1;4;2.71
23;6;10;6;7;3;5;7;6;8;2;1;3;4;8;7;9;1;7;4.44
53;6;2;6;6;5;1;3;1;2;5;2;5;2;2;3;4;3;3;4.39
60;4;1;3;1;3;1;3;4;2;9;1;10;8;4;3;3;4;6;4.89
52;5;2;1;7;3;3;4;4;5;9;1;9;2;9;4;1;4;3;3.17
27;5;8;6;4;4;6;2;5;5;5;7;2;5;6;4;1;4;4;4.81
48;2;6;3;9;3;4;5;2;1;4;3;10;6;9;1;1;4;7;4.51
35;9;8;3;9;2;3;2;6;2;5;5;4;2;7;6;5;1;3;4.08
41;5;9;2;6;3;3;3;1;2;8;4;4;7;1;1;1;2;8;3.86
25;4;5;5;5;3;4;2;2;8;9;3;7;3;10;2;6;2;4;4.19
56;1;3;4;5;1;4;5;4;3;9;1;6;7;6;1;1;5;1;4.72
20;10;8;3;8;6;2;2;4;6;1;7;3;1;5;3;4;2;4;4.39
40;4;6;6;7;1;2;6;4;1;8;3;7;1;5;2;4;6;2;3.17
;;;;;;;;;;;;;;;;;;;
